{
  "llvm-target": "x86_64-unknown-none",
  "data-layout": "e-m:e-p270:32:32-p271:32:32-p272:64:64-i64:64-i128:128-f80:128-n8:16:32:64-S128",
  "linker-flavor": "ld.lld",
  "target-endian": "little",
  "target-pointer-width": "64",
  "target-c-int-width": "32",
  "arch": "x86_64",
  "os": "none",
  "executables": true,
  "linker": "rust-lld",
  "disable-redzone": true,
  "features": "-mmx,-sse,+soft-float",
  "panic-strategy": "abort",
  "pre-link-args": {
    "ld.lld": ["-Tpkg/kernel/config/kernel.ld", "-export-dynamic"]
  }
}
